Rosie,Barnett,female,22,Ipswich,Suffolk,Receptionist,RosieBarnett0@sky.com,UflZAPQnHLjpsUNqlMMm,
Imogen,Cox,female,53,Salford,Greater Manchester,Pharmacist,ImogenCox1@gmail.co.uk,kpKJPaIPOFGOijxsrsTK,
Rachel,Grant,female,66,Woking,Surrey,Senior Manager,RachelGrant2@sky.co.uk,HnYZPGGvESBNeFbNVMGj,
Noah,Barrett,male,22,Glasgow,Scotland,Auditor,NoahBarrett3@mail.co.uk,BIFsHCpkydNrwmyRykwL,
Darcy,Little,female,48,Kingston-upon-Hull,East Riding of Yorkshire,Software Developer,DarcyLittle4@hotmail.co.uk,tMdeXAKPQRZuuxinPTmj,
Annie,Green,female,20,Eastbourne,East Sussex,Barrister,AnnieGreen5@aol.co.uk,ZGbOoDffkBEtTiGGOfag,
Carter,Oliver,male,36,Bristol,South West,Auditor,CarterOliver6@sky.com,MOFlTctstQFjYoeWWsXQ,
Elliott,Davis,male,47,Portsmouth,Hampshire,Nurse,ElliottDavis7@yahoo.co.uk,DEYmwkpffjcleWVVnCOu,
Homer,Dean,male,33,Lincoln,Lincolnshire,Sales,HomerDean8@gmail.com,xmuxbLeaHNABzWyakaZV,
Bella,Hollywood,female,40,Derby,Derbyshire,Assistant Operations Director,BellaHollywood9@sky.com,gdhhNYZjUplpxxdnqdkA,

